X,CH1,CH2,Start,Increment,
Sequence,Volt,Volt,-1.240000e-03,2.000000e-06
0,-3.60e-01,-4.60e-01,
1,-4.20e-01,-5.20e-01,
2,-3.60e-01,-4.40e-01,
3,-4.20e-01,-5.20e-01,
4,-3.80e-01,-5.20e-01,
5,-4.40e-01,-4.40e-01,
6,-3.80e-01,-5.00e-01,
7,-4.40e-01,-4.40e-01,
8,-4.00e-01,-5.00e-01,
9,-4.60e-01,-4.40e-01,
10,-4.00e-01,-5.00e-01,
11,-4.60e-01,-4.40e-01,
12,-4.00e-01,-5.00e-01,
13,-4.80e-01,-4.40e-01,
14,-4.20e-01,-5.00e-01,
15,-4.80e-01,-4.40e-01,
16,-4.20e-01,-5.00e-01,
17,-4.80e-01,-4.40e-01,
18,-4.20e-01,-4.40e-01,
19,-4.80e-01,-5.00e-01,
20,-4.80e-01,-4.40e-01,
21,-4.40e-01,-5.00e-01,
22,-4.40e-01,-5.00e-01,
23,-5.00e-01,-4.40e-01,
24,-4.40e-01,-4.40e-01,
25,-5.00e-01,-5.00e-01,
26,-5.00e-01,-5.00e-01,
27,-4.40e-01,-4.40e-01,
28,-5.00e-01,-4.40e-01,
29,-4.40e-01,-5.00e-01,
30,-5.00e-01,-4.40e-01,
31,-4.40e-01,-4.80e-01,
32,-5.00e-01,-5.00e-01,
33,-4.60e-01,-4.20e-01,
34,-5.20e-01,-4.20e-01,
35,-4.60e-01,-4.80e-01,
36,-4.60e-01,-4.80e-01,
37,-5.20e-01,-4.20e-01,
38,-4.60e-01,-4.80e-01,
39,-5.20e-01,-4.20e-01,
40,-5.20e-01,-4.80e-01,
41,-4.60e-01,-4.20e-01,
42,-5.20e-01,-4.80e-01,
43,-4.60e-01,-4.20e-01,
44,-4.60e-01,-4.20e-01,
45,-5.20e-01,-4.80e-01,
46,-4.60e-01,-4.80e-01,
47,-5.20e-01,-4.20e-01,
48,-5.20e-01,-4.20e-01,
49,-4.60e-01,-4.80e-01,
50,-5.20e-01,-4.80e-01,
51,-4.60e-01,-4.20e-01,
52,-5.20e-01,-4.20e-01,
53,-4.60e-01,-4.80e-01,
54,-5.20e-01,-4.80e-01,
55,-4.60e-01,-4.00e-01,
56,-4.60e-01,-4.00e-01,
57,-5.20e-01,-4.80e-01,
58,-5.20e-01,-4.00e-01,
59,-4.60e-01,-4.60e-01,
60,-4.60e-01,-4.60e-01,
61,-5.20e-01,-4.00e-01,
62,-5.20e-01,-4.60e-01,
63,-4.60e-01,-4.00e-01,
64,-5.20e-01,-4.60e-01,
65,-4.60e-01,-4.00e-01,
66,-4.60e-01,-4.60e-01,
67,-5.20e-01,-4.00e-01,
68,-5.20e-01,-4.60e-01,
69,-4.60e-01,-4.00e-01,
70,-5.20e-01,-4.60e-01,
71,-4.60e-01,-4.00e-01,
72,-5.20e-01,-4.00e-01,
73,-4.60e-01,-4.60e-01,
74,-5.20e-01,-4.60e-01,
75,-4.60e-01,-4.00e-01,
76,-5.20e-01,-4.60e-01,
77,-4.60e-01,-4.00e-01,
78,-5.20e-01,-4.00e-01,
79,-4.60e-01,-4.60e-01,
80,-5.20e-01,-4.40e-01,
81,-4.60e-01,-4.00e-01,
82,-5.20e-01,-4.40e-01,
83,-4.60e-01,-3.80e-01,
84,-5.20e-01,-4.40e-01,
85,-4.60e-01,-3.80e-01,
86,-5.20e-01,-3.80e-01,
87,-4.60e-01,-4.60e-01,
88,-5.20e-01,-4.40e-01,
89,-4.60e-01,-3.80e-01,
90,-4.60e-01,-4.40e-01,
91,-5.40e-01,-3.80e-01,
92,-5.20e-01,-4.40e-01,
93,-4.60e-01,-3.80e-01,
94,-5.20e-01,-3.80e-01,
95,-4.60e-01,-4.40e-01,
96,-5.20e-01,-4.40e-01,
97,-4.80e-01,-3.80e-01,
98,-5.20e-01,-4.40e-01,
99,-4.60e-01,-3.80e-01,
100,-5.40e-01,-4.40e-01,
101,-4.60e-01,-3.80e-01,
102,-5.20e-01,-4.40e-01,
103,-4.60e-01,-3.80e-01,
104,-5.20e-01,-3.80e-01,
105,-4.60e-01,-4.40e-01,
106,-4.60e-01,-3.80e-01,
107,-5.40e-01,-4.20e-01,
108,-5.40e-01,-3.80e-01,
109,-4.60e-01,-4.40e-01,
110,-5.20e-01,-4.20e-01,
111,-4.60e-01,-3.60e-01,
112,-4.60e-01,-4.20e-01,
113,-5.40e-01,-3.60e-01,
114,-4.80e-01,-4.20e-01,
115,-5.40e-01,-3.60e-01,
116,-4.60e-01,-4.20e-01,
117,-5.40e-01,-3.60e-01,
118,-5.40e-01,-3.60e-01,
119,-4.60e-01,-4.20e-01,
120,-4.80e-01,-3.60e-01,
121,-5.40e-01,-4.20e-01,
122,-4.80e-01,-4.20e-01,
123,-5.40e-01,-3.60e-01,
124,-4.80e-01,-3.60e-01,
125,-5.40e-01,-4.20e-01,
126,-4.80e-01,-4.20e-01,
127,-5.40e-01,-3.60e-01,
128,-4.80e-01,-4.20e-01,
129,-5.40e-01,-3.60e-01,
130,-4.80e-01,-3.60e-01,
131,-5.40e-01,-4.20e-01,
132,-5.40e-01,-4.20e-01,
133,-4.60e-01,-3.40e-01,
134,-5.20e-01,-4.00e-01,
135,-4.80e-01,-3.60e-01,
136,-5.40e-01,-4.00e-01,
137,-4.60e-01,-3.40e-01,
138,-4.60e-01,-4.00e-01,
139,-5.20e-01,-3.40e-01,
140,-5.20e-01,-3.40e-01,
141,-4.60e-01,-4.00e-01,
142,-5.20e-01,-3.40e-01,
143,-4.60e-01,-4.00e-01,
144,-5.20e-01,-3.40e-01,
145,-4.60e-01,-4.00e-01,
146,-4.60e-01,-3.40e-01,
147,-5.40e-01,-4.00e-01,
148,-5.40e-01,-4.00e-01,
149,-4.60e-01,-3.40e-01,
150,-5.20e-01,-4.00e-01,
151,-4.60e-01,-3.40e-01,
152,-5.20e-01,-3.40e-01,
153,-4.60e-01,-4.00e-01,
154,-5.20e-01,-3.40e-01,
155,-4.60e-01,-4.00e-01,
156,-4.60e-01,-4.00e-01,
157,-5.40e-01,-3.40e-01,
158,-4.80e-01,-3.40e-01,
159,-5.40e-01,-4.00e-01,
160,-4.80e-01,-3.40e-01,
161,-5.40e-01,-4.00e-01,
162,-4.80e-01,-3.40e-01,
163,-5.40e-01,-3.80e-01,
164,-4.80e-01,-3.80e-01,
165,-5.40e-01,-3.20e-01,
166,-5.40e-01,-3.80e-01,
167,-4.80e-01,-3.20e-01,
168,-4.80e-01,-3.80e-01,
169,-5.40e-01,-3.20e-01,
170,-4.80e-01,-3.80e-01,
171,-5.40e-01,-3.20e-01,
172,-4.80e-01,-3.80e-01,
173,-5.40e-01,-3.20e-01,
174,-5.20e-01,-3.80e-01,
175,-4.60e-01,-3.20e-01,
176,-4.60e-01,-3.20e-01,
177,-5.40e-01,-3.80e-01,
178,-5.20e-01,-3.20e-01,
179,-4.80e-01,-3.80e-01,
180,-4.80e-01,-3.20e-01,
181,-5.40e-01,-3.80e-01,
182,-4.80e-01,-3.20e-01,
183,-5.40e-01,-3.80e-01,
184,-4.80e-01,-3.20e-01,
185,-5.40e-01,-3.80e-01,
186,-4.80e-01,-3.20e-01,
187,-5.40e-01,-3.80e-01,
188,-4.80e-01,-3.60e-01,
189,-5.40e-01,-3.00e-01,
190,-5.20e-01,-3.60e-01,
191,-4.60e-01,-3.00e-01,
192,-5.20e-01,-3.60e-01,
193,-4.60e-01,-3.00e-01,
194,-5.40e-01,-3.60e-01,
195,-4.60e-01,-3.00e-01,
196,-5.40e-01,-3.00e-01,
197,-4.60e-01,-3.60e-01,
198,-4.80e-01,-3.60e-01,
199,-5.40e-01,-3.00e-01,
200,-5.40e-01,-3.00e-01,
201,-4.60e-01,-3.60e-01,
202,-5.20e-01,-3.00e-01,
203,-4.60e-01,-3.60e-01,
204,-5.20e-01,-3.00e-01,
205,-4.60e-01,-3.60e-01,
206,-5.20e-01,-3.00e-01,
207,-4.60e-01,-3.60e-01,
208,-5.20e-01,-3.00e-01,
209,-4.60e-01,-3.60e-01,
210,-5.20e-01,-3.00e-01,
211,-4.80e-01,-3.60e-01,
212,-5.20e-01,-3.00e-01,
213,-4.60e-01,-3.40e-01,
214,-4.80e-01,-3.00e-01,
215,-5.40e-01,-3.60e-01,
216,-4.80e-01,-3.40e-01,
217,-5.40e-01,-2.80e-01,
218,-5.20e-01,-3.40e-01,
219,-4.60e-01,-2.80e-01,
220,-5.20e-01,-2.80e-01,
221,-4.60e-01,-3.40e-01,
222,-5.20e-01,-3.40e-01,
223,-4.60e-01,-2.80e-01,
224,-5.20e-01,-2.80e-01,
225,-4.60e-01,-3.40e-01,
226,-5.20e-01,-3.40e-01,
227,-4.60e-01,-2.80e-01,
228,-5.20e-01,-2.80e-01,
229,-4.60e-01,-3.40e-01,
230,-5.20e-01,-2.80e-01,
231,-4.80e-01,-3.40e-01,
232,-5.20e-01,-2.80e-01,
233,-4.80e-01,-3.40e-01,
234,-5.20e-01,-2.80e-01,
235,-4.60e-01,-3.40e-01,
236,-5.20e-01,-2.80e-01,
237,-4.60e-01,-3.40e-01,
238,-5.20e-01,-2.80e-01,
239,-4.60e-01,-3.40e-01,
240,-5.20e-01,-3.20e-01,
241,-4.60e-01,-2.60e-01,
242,-5.20e-01,-2.80e-01,
243,-4.60e-01,-3.20e-01,
244,-5.20e-01,-3.20e-01,
245,-4.80e-01,-2.60e-01,
246,-5.20e-01,-3.20e-01,
247,-4.60e-01,-2.60e-01,
248,-5.20e-01,-2.60e-01,
249,-4.60e-01,-3.20e-01,
250,-5.20e-01,-2.60e-01,
251,-4.60e-01,-3.20e-01,
252,-5.20e-01,-2.60e-01,
253,-4.60e-01,-3.20e-01,
254,-5.20e-01,-2.60e-01,
255,-4.60e-01,-3.20e-01,
256,-5.20e-01,-3.20e-01,
257,-4.60e-01,-2.60e-01,
258,-4.60e-01,-2.60e-01,
259,-5.20e-01,-3.20e-01,
260,-4.60e-01,-2.60e-01,
261,-5.20e-01,-3.00e-01,
262,-5.20e-01,-2.60e-01,
263,-4.60e-01,-3.00e-01,
264,-5.20e-01,-3.00e-01,
265,-4.60e-01,-2.40e-01,
266,-5.20e-01,-3.00e-01,
267,-4.60e-01,-2.40e-01,
268,-5.20e-01,-2.40e-01,
269,-4.60e-01,-3.00e-01,
270,-4.60e-01,-3.00e-01,
271,-5.20e-01,-2.40e-01,
272,-4.60e-01,-2.20e-01,
273,-5.20e-01,-3.00e-01,
274,-5.20e-01,-3.00e-01,
275,-4.60e-01,-2.20e-01,
276,-5.20e-01,-3.00e-01,
277,-4.60e-01,-2.20e-01,
278,-4.60e-01,-3.00e-01,
279,-5.20e-01,-2.20e-01,
280,-4.60e-01,-2.80e-01,
281,-5.20e-01,-2.20e-01,
282,-4.60e-01,-2.80e-01,
283,-5.20e-01,-2.20e-01,
284,-5.20e-01,-2.20e-01,
285,-4.60e-01,-3.00e-01,
286,-4.60e-01,-2.20e-01,
287,-5.20e-01,-3.00e-01,
288,-4.60e-01,-2.80e-01,
289,-5.20e-01,-2.20e-01,
290,-5.20e-01,-2.60e-01,
291,-4.60e-01,-2.20e-01,
292,-5.20e-01,-2.20e-01,
293,-4.60e-01,-2.80e-01,
294,-4.60e-01,-2.20e-01,
295,-5.20e-01,-2.60e-01,
296,-5.20e-01,-2.60e-01,
297,-4.60e-01,-2.20e-01,
298,-5.20e-01,-2.60e-01,
299,-4.60e-01,-2.20e-01,
300,-4.60e-01,-2.60e-01,
301,-5.20e-01,-2.00e-01,
302,-4.60e-01,-2.60e-01,
303,-5.20e-01,-2.00e-01,
304,-5.20e-01,-2.60e-01,
305,-4.60e-01,-2.00e-01,
306,-5.20e-01,-2.60e-01,
307,-4.60e-01,-2.00e-01,
308,-4.60e-01,-2.00e-01,
309,-5.20e-01,-2.60e-01,
310,-5.20e-01,-2.00e-01,
311,-4.60e-01,-2.60e-01,
312,-5.20e-01,-2.60e-01,
313,-4.60e-01,-2.00e-01,
314,-5.20e-01,-2.60e-01,
315,-4.60e-01,-2.00e-01,
316,-5.20e-01,-2.60e-01,
317,-4.60e-01,-2.00e-01,
318,-5.20e-01,-2.40e-01,
319,-4.60e-01,-2.00e-01,
320,-4.60e-01,-2.00e-01,
321,-5.20e-01,-2.60e-01,
322,-5.20e-01,-2.40e-01,
323,-4.60e-01,-1.80e-01,
324,-5.20e-01,-2.40e-01,
325,-4.60e-01,-1.80e-01,
326,-5.20e-01,-2.40e-01,
327,-4.60e-01,-1.80e-01,
328,-4.60e-01,-1.80e-01,
329,-5.20e-01,-2.40e-01,
330,-5.20e-01,-2.40e-01,
331,-4.60e-01,-1.80e-01,
332,-5.20e-01,-2.40e-01,
333,-4.60e-01,-1.80e-01,
334,-5.20e-01,-1.80e-01,
335,-4.60e-01,-2.40e-01,
336,-5.20e-01,-2.40e-01,
337,-4.60e-01,-1.80e-01,
338,-4.60e-01,-2.40e-01,
339,-5.20e-01,-1.80e-01,
340,-5.20e-01,-2.40e-01,
341,-4.60e-01,-1.80e-01,
342,-4.60e-01,-2.40e-01,
343,-5.20e-01,-1.80e-01,
344,-4.60e-01,-2.20e-01,
345,-5.20e-01,-1.80e-01,
346,-5.20e-01,-1.80e-01,
347,-4.60e-01,-2.40e-01,
348,-5.20e-01,-2.20e-01,
349,-4.60e-01,-1.60e-01,
350,-5.20e-01,-2.20e-01,
351,-4.60e-01,-1.60e-01,
352,-4.60e-01,-2.20e-01,
353,-5.20e-01,-1.60e-01,
354,-4.60e-01,-2.20e-01,
355,-5.20e-01,-1.60e-01,
356,-4.60e-01,-2.20e-01,
357,-5.20e-01,-1.60e-01,
358,-4.60e-01,-2.20e-01,
359,-5.20e-01,-1.60e-01,
360,-4.60e-01,-2.20e-01,
361,-5.20e-01,-1.60e-01,
362,-4.60e-01,-2.20e-01,
363,-5.20e-01,-1.60e-01,
364,-4.60e-01,-2.20e-01,
365,-5.20e-01,-1.60e-01,
366,-4.60e-01,-2.20e-01,
367,-5.20e-01,-1.60e-01,
368,-4.60e-01,-2.20e-01,
369,-5.20e-01,-1.40e-01,
370,-5.20e-01,-2.00e-01,
371,-4.40e-01,-1.40e-01,
372,-4.60e-01,-2.00e-01,
373,-5.00e-01,-1.40e-01,
374,-4.60e-01,-1.40e-01,
375,-5.20e-01,-2.00e-01,
376,-4.40e-01,-2.00e-01,
377,-5.20e-01,-1.40e-01,
378,-4.60e-01,-1.40e-01,
379,-5.20e-01,-2.00e-01,
380,-4.60e-01,-2.00e-01,
381,-5.20e-01,-1.40e-01,
382,-4.60e-01,-2.00e-01,
383,-5.20e-01,-1.40e-01,
384,-5.00e-01,-1.40e-01,
385,-4.40e-01,-2.00e-01,
386,-4.60e-01,-1.40e-01,
387,-5.20e-01,-2.00e-01,
388,-5.00e-01,-1.40e-01,
389,-4.40e-01,-2.00e-01,
390,-5.00e-01,-1.40e-01,
391,-4.40e-01,-2.00e-01,
392,-5.00e-01,-1.40e-01,
393,-4.40e-01,-1.80e-01,
394,-5.00e-01,-1.80e-01,
395,-4.40e-01,-1.20e-01,
396,-5.00e-01,-1.80e-01,
397,-4.40e-01,-1.20e-01,
398,-5.00e-01,-1.80e-01,
399,-4.40e-01,-1.20e-01,
400,-5.00e-01,-1.80e-01,
401,-4.40e-01,-1.20e-01,
402,-5.00e-01,-1.20e-01,
403,-4.40e-01,-1.80e-01,
404,-5.00e-01,-1.80e-01,
405,-4.40e-01,-1.20e-01,
406,-4.40e-01,-1.20e-01,
407,-5.00e-01,-1.80e-01,
408,-5.00e-01,-1.20e-01,
409,-4.40e-01,-1.80e-01,
410,-5.00e-01,-1.80e-01,
411,-4.40e-01,-1.20e-01,
412,-5.00e-01,-1.20e-01,
413,-4.40e-01,-1.80e-01,
414,-4.40e-01,-1.20e-01,
415,-5.00e-01,-1.60e-01,
416,-4.40e-01,-1.60e-01,
417,-5.00e-01,-1.00e-01,
418,-5.00e-01,-1.60e-01,
419,-4.40e-01,-1.00e-01,
420,-5.00e-01,-1.60e-01,
421,-4.40e-01,-1.00e-01,
422,-5.00e-01,-1.60e-01,
423,-4.40e-01,-1.00e-01,
424,-5.00e-01,-1.00e-01,
425,-4.40e-01,-1.60e-01,
426,-4.40e-01,-1.60e-01,
427,-5.00e-01,-1.00e-01,
428,-5.00e-01,-1.00e-01,
429,-4.40e-01,-1.60e-01,
430,-5.00e-01,-1.00e-01,
431,-4.40e-01,-1.60e-01,
432,-4.40e-01,-1.00e-01,
433,-5.00e-01,-1.60e-01,
434,-5.00e-01,-1.60e-01,
435,-4.40e-01,-1.00e-01,
436,-5.00e-01,-1.60e-01,
437,-4.40e-01,-1.00e-01,
438,-5.00e-01,-1.60e-01,
439,-4.40e-01,-1.00e-01,
440,-4.40e-01,-1.00e-01,
441,-4.80e-01,-1.60e-01,
442,-4.80e-01,-1.00e-01,
443,-4.40e-01,-1.60e-01,
444,-4.80e-01,-1.60e-01,
445,-4.20e-01,-1.00e-01,
446,-4.80e-01,-1.40e-01,
447,-4.20e-01,-8.00e-02,
448,-4.80e-01,-1.40e-01,
449,-4.20e-01,-8.00e-02,
450,-4.20e-01,-1.40e-01,
451,-4.80e-01,-8.00e-02,
452,-4.20e-01,-1.40e-01,
453,-4.80e-01,-8.00e-02,
454,-4.20e-01,-1.40e-01,
455,-4.80e-01,-8.00e-02,
456,-4.20e-01,-8.00e-02,
457,-4.60e-01,-1.40e-01,
458,-4.60e-01,-8.00e-02,
459,-4.00e-01,-1.40e-01,
460,-4.60e-01,-1.40e-01,
461,-4.00e-01,-8.00e-02,
462,-4.00e-01,-8.00e-02,
463,-4.60e-01,-1.40e-01,
464,-4.00e-01,-6.00e-02,
465,-4.60e-01,-1.40e-01,
466,-4.00e-01,-8.00e-02,
467,-4.60e-01,-1.40e-01,
468,-4.60e-01,-8.00e-02,
469,-3.80e-01,-1.40e-01,
470,-4.60e-01,-8.00e-02,
471,-3.80e-01,-1.20e-01,
472,-4.40e-01,-8.00e-02,
473,-3.80e-01,-1.20e-01,
474,-4.40e-01,-1.20e-01,
475,-3.80e-01,-6.00e-02,
476,-3.80e-01,-1.20e-01,
477,-4.40e-01,-6.00e-02,
478,-3.80e-01,-1.20e-01,
479,-4.20e-01,-6.00e-02,
480,-3.60e-01,-1.20e-01,
481,-4.20e-01,-6.00e-02,
482,-3.60e-01,-6.00e-02,
483,-4.20e-01,-1.20e-01,
484,-4.20e-01,-1.20e-01,
485,-3.60e-01,-6.00e-02,
486,-4.00e-01,-6.00e-02,
487,-3.40e-01,-1.20e-01,
488,-3.40e-01,-6.00e-02,
489,-4.00e-01,-1.20e-01,
490,-4.00e-01,-1.20e-01,
491,-3.20e-01,-6.00e-02,
492,-3.00e-01,-1.20e-01,
493,-3.80e-01,-6.00e-02,
494,-3.80e-01,-1.00e-01,
495,-3.00e-01,-4.00e-02,
496,-3.60e-01,-6.00e-02,
497,-3.00e-01,-1.20e-01,
498,-3.40e-01,-1.00e-01,
499,-2.80e-01,-4.00e-02,
500,-3.40e-01,-1.00e-01,
501,-2.80e-01,-4.00e-02,
502,-2.80e-01,-1.00e-01,
503,-3.40e-01,-4.00e-02,
504,-3.20e-01,-1.00e-01,
505,-2.60e-01,-4.00e-02,
506,-3.20e-01,-1.00e-01,
507,-2.60e-01,-4.00e-02,
508,-2.60e-01,-1.00e-01,
509,-3.20e-01,-4.00e-02,
510,-3.20e-01,-1.00e-01,
511,-2.60e-01,-4.00e-02,
512,-3.00e-01,-4.00e-02,
513,-2.60e-01,-1.00e-01,
514,-3.00e-01,-1.00e-01,
515,-2.40e-01,-4.00e-02,
516,-3.00e-01,-4.00e-02,
517,-2.40e-01,-1.00e-01,
518,-3.00e-01,-4.00e-02,
519,-2.40e-01,-1.00e-01,
520,-3.00e-01,-4.00e-02,
521,-2.40e-01,-1.00e-01,
522,-3.00e-01,-4.00e-02,
523,-2.40e-01,-1.00e-01,
524,-2.40e-01,-1.00e-01,
525,-3.00e-01,-4.00e-02,
526,-3.00e-01,-8.00e-02,
527,-2.40e-01,-2.00e-02,
528,-3.00e-01,-8.00e-02,
529,-2.40e-01,-2.00e-02,
530,-3.00e-01,-8.00e-02,
531,-2.40e-01,-2.00e-02,
532,-3.00e-01,-2.00e-02,
533,-2.40e-01,-8.00e-02,
534,-3.00e-01,-8.00e-02,
535,-2.40e-01,-2.00e-02,
536,-3.00e-01,-8.00e-02,
537,-2.40e-01,-2.00e-02,
538,-3.00e-01,-2.00e-02,
539,-2.40e-01,-8.00e-02,
540,-3.00e-01,-2.00e-02,
541,-2.40e-01,-8.00e-02,
542,-3.00e-01,-2.00e-02,
543,-2.40e-01,-8.00e-02,
544,-3.00e-01,-2.00e-02,
545,-2.40e-01,-8.00e-02,
546,-3.00e-01,-2.00e-02,
547,-2.40e-01,-8.00e-02,
548,-3.00e-01,-2.00e-02,
549,-2.40e-01,-8.00e-02,
550,-3.00e-01,-6.00e-02,
551,-2.40e-01,0.00e+00,
552,-2.40e-01,-6.00e-02,
553,-3.00e-01,0.00e+00,
554,-3.00e-01,-2.00e-02,
555,-2.40e-01,-6.00e-02,
556,-2.80e-01,-6.00e-02,
557,-2.20e-01,0.00e+00,
558,-2.80e-01,-6.00e-02,
559,-2.40e-01,0.00e+00,
560,-2.80e-01,0.00e+00,
561,-2.20e-01,-6.00e-02,
562,-2.20e-01,0.00e+00,
563,-2.80e-01,-6.00e-02,
564,-2.20e-01,-6.00e-02,
565,-2.80e-01,0.00e+00,
566,-2.20e-01,0.00e+00,
567,-2.80e-01,-6.00e-02,
568,-2.60e-01,0.00e+00,
569,-2.00e-01,-6.00e-02,
570,-2.60e-01,0.00e+00,
571,-2.00e-01,-6.00e-02,
572,-2.00e-01,0.00e+00,
573,-2.60e-01,-6.00e-02,
574,-2.40e-01,-4.00e-02,
575,-1.80e-01,0.00e+00,
576,-2.40e-01,2.00e-02,
577,-1.80e-01,-4.00e-02,
578,-2.40e-01,-4.00e-02,
579,-1.80e-01,2.00e-02,
580,-1.80e-01,-4.00e-02,
581,-2.40e-01,0.00e+00,
582,-2.20e-01,-4.00e-02,
583,-1.60e-01,2.00e-02,
584,-1.60e-01,-4.00e-02,
585,-2.20e-01,2.00e-02,
586,-2.20e-01,-4.00e-02,
587,-1.60e-01,2.00e-02,
588,-2.00e-01,-4.00e-02,
589,-1.40e-01,2.00e-02,
590,-1.40e-01,2.00e-02,
591,-2.00e-01,-4.00e-02,
592,-1.80e-01,-4.00e-02,
593,-1.20e-01,2.00e-02,
594,-1.20e-01,2.00e-02,
595,-1.80e-01,-4.00e-02,
596,-1.60e-01,-4.00e-02,
597,-1.00e-01,4.00e-02,
598,-1.60e-01,2.00e-02,
599,-1.00e-01,-2.00e-02,
600,-1.40e-01,2.00e-02,
601,-6.00e-02,-2.00e-02,
602,-8.00e-02,2.00e-02,
603,-1.40e-01,-2.00e-02,
604,-1.20e-01,2.00e-02,
605,-6.00e-02,-2.00e-02,
606,-1.20e-01,4.00e-02,
607,-4.00e-02,-2.00e-02,
608,-4.00e-02,-2.00e-02,
609,-1.20e-01,4.00e-02,
610,-8.00e-02,-2.00e-02,
611,-2.00e-02,4.00e-02,
612,-8.00e-02,-2.00e-02,
613,0.00e+00,4.00e-02,
614,0.00e+00,-2.00e-02,
615,-6.00e-02,4.00e-02,
616,-4.00e-02,4.00e-02,
617,2.00e-02,-2.00e-02,
618,2.00e-02,4.00e-02,
619,-4.00e-02,-2.00e-02,
620,-2.00e-02,4.00e-02,
621,4.00e-02,-2.00e-02,
622,0.00e+00,4.00e-02,
623,6.00e-02,-2.00e-02,
624,0.00e+00,4.00e-02,
625,6.00e-02,0.00e+00,
626,0.00e+00,0.00e+00,
627,8.00e-02,6.00e-02,
628,2.00e-02,0.00e+00,
629,8.00e-02,6.00e-02,
630,2.00e-02,0.00e+00,
631,8.00e-02,6.00e-02,
632,2.00e-02,0.00e+00,
633,8.00e-02,6.00e-02,
634,2.00e-02,4.00e-02,
635,8.00e-02,0.00e+00,
636,6.00e-02,0.00e+00,
637,0.00e+00,6.00e-02,
638,6.00e-02,6.00e-02,
639,0.00e+00,0.00e+00,
640,4.00e-02,6.00e-02,
641,-2.00e-02,0.00e+00,
642,-2.00e-02,6.00e-02,
643,4.00e-02,0.00e+00,
644,-2.00e-02,0.00e+00,
645,2.00e-02,6.00e-02,
646,2.00e-02,6.00e-02,
647,-4.00e-02,0.00e+00,
648,-4.00e-02,2.00e-02,
649,2.00e-02,6.00e-02,
650,0.00e+00,6.00e-02,
651,-6.00e-02,0.00e+00,
652,0.00e+00,6.00e-02,
653,-6.00e-02,4.00e-02,
654,-6.00e-02,6.00e-02,
655,0.00e+00,0.00e+00,
656,-2.00e-02,2.00e-02,
657,-8.00e-02,8.00e-02,
658,-8.00e-02,8.00e-02,
659,-2.00e-02,2.00e-02,
660,-8.00e-02,2.00e-02,
661,-2.00e-02,8.00e-02,
662,-8.00e-02,8.00e-02,
663,-2.00e-02,2.00e-02,
664,-8.00e-02,8.00e-02,
665,-2.00e-02,2.00e-02,
666,-8.00e-02,2.00e-02,
667,-2.00e-02,1.00e-01,
668,-8.00e-02,8.00e-02,
669,-2.00e-02,2.00e-02,
670,-8.00e-02,2.00e-02,
671,-2.00e-02,1.00e-01,
672,-8.00e-02,4.00e-02,
673,-2.00e-02,1.00e-01,
674,-8.00e-02,4.00e-02,
675,-2.00e-02,1.00e-01,
676,-8.00e-02,1.00e-01,
677,-2.00e-02,4.00e-02,
678,-8.00e-02,4.00e-02,
679,-2.00e-02,1.00e-01,
680,-6.00e-02,4.00e-02,
681,-2.00e-02,1.00e-01,
682,-6.00e-02,4.00e-02,
683,0.00e+00,1.00e-01,
684,-6.00e-02,1.00e-01,
685,0.00e+00,4.00e-02,
686,0.00e+00,1.20e-01,
687,-6.00e-02,4.00e-02,
688,-4.00e-02,4.00e-02,
689,0.00e+00,1.20e-01,
690,-4.00e-02,4.00e-02,
691,2.00e-02,1.20e-01,
692,-4.00e-02,4.00e-02,
693,2.00e-02,1.20e-01,
694,-2.00e-02,1.20e-01,
695,4.00e-02,4.00e-02,
696,4.00e-02,4.00e-02,
697,-2.00e-02,1.20e-01,
698,0.00e+00,6.00e-02,
699,6.00e-02,1.20e-01,
700,0.00e+00,6.00e-02,
701,6.00e-02,1.20e-01,
702,2.00e-02,6.00e-02,
703,8.00e-02,1.20e-01,
704,2.00e-02,6.00e-02,
705,8.00e-02,1.20e-01,
706,4.00e-02,1.20e-01,
707,1.00e-01,6.00e-02,
708,1.00e-01,1.20e-01,
709,4.00e-02,6.00e-02,
710,6.00e-02,8.00e-02,
711,1.20e-01,1.20e-01,
712,8.00e-02,8.00e-02,
713,1.40e-01,1.40e-01,
714,8.00e-02,8.00e-02,
715,1.40e-01,1.40e-01,
716,1.00e-01,8.00e-02,
717,1.60e-01,1.40e-01,
718,1.20e-01,8.00e-02,
719,1.80e-01,1.40e-01,
720,1.40e-01,8.00e-02,
721,2.20e-01,1.40e-01,
722,1.60e-01,1.40e-01,
723,2.40e-01,8.00e-02,
724,1.80e-01,8.00e-02,
725,2.40e-01,1.40e-01,
726,2.00e-01,1.40e-01,
727,2.60e-01,8.00e-02,
728,2.00e-01,1.40e-01,
729,2.80e-01,1.00e-01,
730,2.20e-01,1.40e-01,
731,3.00e-01,1.00e-01,
732,2.40e-01,1.40e-01,
733,3.20e-01,1.00e-01,
734,2.60e-01,1.00e-01,
735,3.20e-01,1.60e-01,
736,2.80e-01,1.60e-01,
737,3.40e-01,1.00e-01,
738,2.80e-01,1.00e-01,
739,3.60e-01,1.40e-01,
740,3.00e-01,1.00e-01,
741,3.60e-01,1.60e-01,
742,3.60e-01,1.00e-01,
743,3.00e-01,1.60e-01,
744,3.60e-01,1.00e-01,
745,3.00e-01,1.60e-01,
746,3.60e-01,1.00e-01,
747,3.00e-01,1.60e-01,
748,3.40e-01,1.60e-01,
749,2.80e-01,1.00e-01,
750,3.40e-01,1.60e-01,
751,2.60e-01,1.00e-01,
752,3.20e-01,1.60e-01,
753,2.40e-01,1.00e-01,
754,3.00e-01,1.60e-01,
755,2.40e-01,1.00e-01,
756,2.20e-01,1.60e-01,
757,2.80e-01,1.20e-01,
758,2.60e-01,1.20e-01,
759,2.00e-01,1.60e-01,
760,2.60e-01,1.60e-01,
761,1.80e-01,1.20e-01,
762,2.40e-01,1.20e-01,
763,1.60e-01,1.80e-01,
764,2.20e-01,1.80e-01,
765,1.40e-01,1.20e-01,
766,2.20e-01,1.20e-01,
767,1.20e-01,1.80e-01,
768,1.20e-01,1.20e-01,
769,2.00e-01,1.80e-01,
770,1.80e-01,1.80e-01,
771,1.20e-01,1.20e-01,
772,1.60e-01,1.20e-01,
773,1.00e-01,1.80e-01,
774,1.60e-01,1.20e-01,
775,1.00e-01,1.80e-01,
776,1.00e-01,1.20e-01,
777,1.60e-01,1.80e-01,
778,1.00e-01,1.80e-01,
779,1.60e-01,1.20e-01,
780,1.60e-01,1.40e-01,
781,8.00e-02,1.80e-01,
782,1.40e-01,1.80e-01,
783,1.00e-01,1.20e-01,
784,1.00e-01,1.40e-01,
785,1.60e-01,1.80e-01,
786,1.00e-01,1.40e-01,
787,1.60e-01,2.00e-01,
788,1.60e-01,1.40e-01,
789,1.00e-01,2.00e-01,
790,1.60e-01,1.40e-01,
791,1.00e-01,2.00e-01,
792,1.60e-01,1.40e-01,
793,1.00e-01,2.00e-01,
794,1.20e-01,2.00e-01,
795,1.80e-01,1.40e-01,
796,2.00e-01,2.00e-01,
797,1.20e-01,1.40e-01,
798,1.40e-01,1.40e-01,
799,2.00e-01,2.00e-01,
800,1.40e-01,2.00e-01,
801,2.00e-01,1.40e-01,
802,2.20e-01,2.00e-01,
803,1.40e-01,1.40e-01,
804,1.80e-01,2.00e-01,
805,2.40e-01,1.40e-01,
806,2.40e-01,2.00e-01,
807,1.80e-01,1.40e-01,
808,2.00e-01,1.40e-01,
809,2.60e-01,2.00e-01,
810,2.20e-01,2.00e-01,
811,2.80e-01,1.60e-01,
812,2.20e-01,1.60e-01,
813,3.00e-01,2.00e-01,
814,2.40e-01,1.60e-01,
815,3.00e-01,2.20e-01,
816,2.40e-01,1.60e-01,
817,3.20e-01,2.20e-01,
818,2.60e-01,1.60e-01,
819,3.40e-01,2.20e-01,
820,2.80e-01,1.60e-01,
821,3.40e-01,2.20e-01,
822,3.00e-01,2.20e-01,
823,3.60e-01,1.60e-01,
824,3.20e-01,2.20e-01,
825,3.80e-01,1.60e-01,
826,3.20e-01,1.60e-01,
827,4.00e-01,2.20e-01,
828,3.40e-01,1.60e-01,
829,4.20e-01,2.20e-01,
830,3.60e-01,2.20e-01,
831,4.40e-01,1.60e-01,
832,3.80e-01,2.20e-01,
833,4.80e-01,1.60e-01,
834,4.20e-01,2.20e-01,
835,5.00e-01,1.60e-01,
836,4.40e-01,2.20e-01,
837,5.20e-01,1.60e-01,
838,4.60e-01,2.20e-01,
839,5.40e-01,1.80e-01,
840,4.80e-01,1.80e-01,
841,5.60e-01,2.40e-01,
842,5.00e-01,2.40e-01,
843,5.80e-01,1.80e-01,
844,5.20e-01,1.80e-01,
845,6.00e-01,2.40e-01,
846,5.40e-01,1.80e-01,
847,6.20e-01,2.40e-01,
848,5.60e-01,2.40e-01,
849,6.20e-01,1.80e-01,
850,5.60e-01,1.80e-01,
851,6.20e-01,2.40e-01,
852,6.20e-01,2.40e-01,
853,5.40e-01,1.80e-01,
854,6.00e-01,2.40e-01,
855,5.40e-01,1.80e-01,
856,6.00e-01,2.40e-01,
857,5.00e-01,2.00e-01,
858,5.60e-01,2.00e-01,
859,4.80e-01,2.60e-01,
860,5.40e-01,2.00e-01,
861,4.60e-01,2.60e-01,
862,5.20e-01,2.40e-01,
863,4.40e-01,2.00e-01,
864,4.80e-01,2.00e-01,
865,4.20e-01,2.60e-01,
866,4.60e-01,2.00e-01,
867,3.80e-01,2.60e-01,
868,4.40e-01,2.60e-01,
869,3.60e-01,2.00e-01,
870,4.20e-01,2.60e-01,
871,3.40e-01,2.00e-01,
872,4.00e-01,2.00e-01,
873,3.20e-01,2.60e-01,
874,3.80e-01,2.00e-01,
875,3.20e-01,2.60e-01,
876,3.60e-01,2.60e-01,
877,3.00e-01,2.00e-01,
878,3.60e-01,2.60e-01,
879,2.80e-01,2.00e-01,
880,3.40e-01,2.60e-01,
881,2.80e-01,2.00e-01,
882,2.80e-01,2.60e-01,
883,3.40e-01,2.00e-01,
884,3.20e-01,2.60e-01,
885,2.60e-01,2.00e-01,
886,3.20e-01,2.00e-01,
887,2.60e-01,2.60e-01,
888,3.20e-01,2.00e-01,
889,2.60e-01,2.60e-01,
890,2.60e-01,2.60e-01,
891,3.20e-01,2.20e-01,
892,3.20e-01,2.20e-01,
893,2.60e-01,2.80e-01,
894,2.60e-01,2.20e-01,
895,3.40e-01,2.80e-01,
896,2.80e-01,2.20e-01,
897,3.40e-01,2.80e-01,
898,3.40e-01,2.80e-01,
899,2.80e-01,2.20e-01,
900,2.80e-01,2.20e-01,
901,3.60e-01,2.80e-01,
902,3.60e-01,2.80e-01,
903,3.00e-01,2.20e-01,
904,3.00e-01,2.80e-01,
905,3.80e-01,2.20e-01,
906,3.20e-01,2.80e-01,
907,3.80e-01,2.20e-01,
908,3.40e-01,2.80e-01,
909,4.00e-01,2.20e-01,
910,3.60e-01,2.80e-01,
911,4.20e-01,2.40e-01,
912,3.60e-01,2.40e-01,
913,4.40e-01,3.00e-01,
914,4.60e-01,2.80e-01,
915,3.80e-01,2.40e-01,
916,4.00e-01,3.00e-01,
917,4.80e-01,2.40e-01,
918,4.20e-01,2.40e-01,
919,5.00e-01,3.00e-01,
920,5.00e-01,2.40e-01,
921,4.40e-01,3.00e-01,
922,4.60e-01,2.40e-01,
923,5.20e-01,3.00e-01,
924,4.80e-01,2.40e-01,
925,5.40e-01,3.00e-01,
926,5.00e-01,2.40e-01,
927,5.80e-01,3.00e-01,
928,5.80e-01,3.00e-01,
929,5.20e-01,2.40e-01,
930,5.40e-01,3.00e-01,
931,6.20e-01,2.40e-01,
932,5.60e-01,3.00e-01,
933,6.40e-01,2.40e-01,
934,6.00e-01,2.40e-01,
935,6.60e-01,3.00e-01,
936,6.20e-01,3.00e-01,
937,7.00e-01,2.60e-01,
938,6.40e-01,3.00e-01,
939,7.40e-01,2.60e-01,
940,6.80e-01,3.20e-01,
941,7.60e-01,2.60e-01,
942,7.20e-01,3.00e-01,
943,8.00e-01,2.60e-01,
944,7.40e-01,2.60e-01,
945,8.20e-01,3.20e-01,
946,7.60e-01,2.60e-01,
947,8.40e-01,3.20e-01,
948,7.80e-01,3.20e-01,
949,8.60e-01,2.60e-01,
950,7.80e-01,3.20e-01,
951,8.60e-01,2.60e-01,
952,8.60e-01,3.20e-01,
953,8.00e-01,2.60e-01,
954,8.60e-01,3.20e-01,
955,7.80e-01,2.60e-01,
956,8.40e-01,2.60e-01,
957,7.60e-01,3.20e-01,
958,8.20e-01,3.20e-01,
959,7.40e-01,2.80e-01,
960,7.80e-01,3.20e-01,
961,7.00e-01,2.60e-01,
962,7.40e-01,3.20e-01,
963,6.60e-01,2.80e-01,
964,7.00e-01,3.20e-01,
965,6.20e-01,2.80e-01,
966,6.80e-01,3.20e-01,
967,6.00e-01,2.80e-01,
968,6.60e-01,3.40e-01,
969,5.60e-01,2.80e-01,
970,6.20e-01,2.80e-01,
971,5.40e-01,3.40e-01,
972,6.00e-01,2.80e-01,
973,5.20e-01,3.40e-01,
974,5.80e-01,3.40e-01,
975,5.00e-01,2.80e-01,
976,5.60e-01,2.80e-01,
977,4.80e-01,3.40e-01,
978,5.40e-01,3.40e-01,
979,4.80e-01,2.80e-01,
980,4.60e-01,3.40e-01,
981,5.40e-01,2.80e-01,
982,5.20e-01,3.40e-01,
983,4.40e-01,2.80e-01,
984,5.00e-01,3.40e-01,
985,4.40e-01,2.80e-01,
986,5.00e-01,3.40e-01,
987,4.40e-01,2.80e-01,
988,5.00e-01,3.40e-01,
989,4.40e-01,2.80e-01,
990,4.40e-01,3.40e-01,
991,5.00e-01,3.00e-01,
992,5.00e-01,3.40e-01,
993,4.20e-01,3.00e-01,
994,5.00e-01,3.40e-01,
995,4.40e-01,3.00e-01,
996,4.40e-01,3.40e-01,
997,5.00e-01,3.00e-01,
998,4.40e-01,3.00e-01,
999,5.00e-01,3.60e-01,
1000,4.60e-01,3.00e-01,
1001,5.20e-01,3.60e-01,
1002,4.60e-01,3.00e-01,
1003,5.20e-01,3.60e-01,
1004,4.80e-01,3.60e-01,
1005,5.40e-01,3.00e-01,
1006,5.00e-01,3.60e-01,
1007,5.60e-01,3.00e-01,
1008,5.00e-01,3.60e-01,
1009,5.80e-01,3.00e-01,
1010,5.20e-01,3.60e-01,
1011,6.00e-01,3.00e-01,
1012,6.00e-01,3.60e-01,
1013,5.40e-01,3.20e-01,
1014,5.60e-01,3.60e-01,
1015,6.20e-01,3.20e-01,
1016,6.40e-01,3.60e-01,
1017,5.60e-01,3.20e-01,
1018,5.80e-01,3.60e-01,
1019,6.60e-01,3.00e-01,
1020,6.00e-01,3.60e-01,
1021,6.80e-01,3.20e-01,
1022,6.20e-01,3.20e-01,
1023,7.20e-01,3.80e-01,
1024,6.40e-01,3.20e-01,
1025,7.40e-01,3.80e-01,
1026,6.80e-01,3.80e-01,
1027,7.60e-01,3.20e-01,
1028,7.20e-01,3.20e-01,
1029,8.00e-01,3.80e-01,
1030,7.40e-01,3.80e-01,
1031,8.20e-01,3.20e-01,
1032,7.60e-01,3.80e-01,
1033,8.60e-01,3.20e-01,
1034,8.00e-01,3.80e-01,
1035,8.80e-01,3.20e-01,
1036,8.20e-01,3.40e-01,
1037,9.00e-01,3.80e-01,
1038,8.40e-01,3.80e-01,
1039,9.40e-01,3.20e-01,
1040,8.80e-01,3.80e-01,
1041,9.60e-01,3.20e-01,
1042,9.20e-01,3.80e-01,
1043,1.02e+00,3.40e-01,
1044,9.60e-01,3.80e-01,
1045,1.04e+00,3.40e-01,
1046,1.04e+00,3.40e-01,
1047,9.60e-01,4.00e-01,
1048,1.00e+00,3.40e-01,
1049,9.00e-01,4.00e-01,
1050,9.60e-01,3.40e-01,
1051,8.60e-01,4.00e-01,
1052,9.20e-01,3.40e-01,
1053,8.40e-01,4.00e-01,
1054,9.00e-01,4.00e-01,
1055,8.20e-01,3.40e-01,
1056,8.20e-01,3.60e-01,
1057,8.80e-01,4.00e-01,
1058,8.80e-01,4.00e-01,
1059,8.00e-01,3.40e-01,
1060,8.00e-01,4.00e-01,
1061,8.60e-01,3.40e-01,
1062,8.60e-01,4.00e-01,
1063,8.00e-01,3.40e-01,
1064,8.00e-01,4.00e-01,
1065,8.60e-01,3.60e-01,
1066,8.00e-01,4.00e-01,
1067,8.60e-01,3.60e-01,
1068,8.00e-01,4.00e-01,
1069,8.60e-01,3.60e-01,
1070,8.00e-01,3.60e-01,
1071,8.80e-01,4.20e-01,
1072,8.20e-01,4.00e-01,
1073,9.00e-01,3.60e-01,
1074,8.40e-01,4.00e-01,
1075,9.20e-01,3.60e-01,
1076,8.60e-01,4.00e-01,
1077,9.40e-01,3.60e-01,
1078,8.80e-01,4.00e-01,
1079,9.60e-01,3.60e-01,
1080,9.80e-01,3.60e-01,
1081,9.00e-01,4.20e-01,
1082,9.20e-01,3.60e-01,
1083,1.02e+00,4.20e-01,
1084,9.60e-01,3.60e-01,
1085,1.04e+00,4.20e-01,
1086,1.00e+00,3.60e-01,
1087,1.08e+00,4.20e-01,
1088,1.02e+00,3.80e-01,
1089,1.10e+00,4.40e-01,
1090,1.06e+00,4.40e-01,
1091,1.14e+00,3.60e-01,
1092,1.08e+00,3.80e-01,
1093,1.16e+00,4.40e-01,
1094,1.10e+00,3.80e-01,
1095,1.18e+00,4.40e-01,
1096,1.12e+00,4.40e-01,
1097,1.18e+00,4.00e-01,
1098,1.18e+00,4.20e-01,
1099,1.10e+00,3.80e-01,
1100,1.16e+00,3.80e-01,
1101,1.08e+00,4.60e-01,
1102,1.14e+00,3.80e-01,
1103,1.04e+00,4.60e-01,
1104,1.10e+00,4.40e-01,
1105,1.02e+00,3.80e-01,
1106,1.06e+00,4.40e-01,
1107,9.60e-01,3.80e-01,
1108,1.02e+00,4.00e-01,
1109,9.20e-01,4.60e-01,
1110,9.80e-01,4.60e-01,
1111,8.80e-01,3.80e-01,
1112,9.20e-01,4.60e-01,
1113,8.40e-01,3.80e-01,
1114,9.00e-01,4.00e-01,
1115,8.00e-01,4.60e-01,
1116,8.60e-01,4.60e-01,
1117,7.80e-01,3.80e-01,
1118,8.40e-01,4.60e-01,
1119,7.40e-01,4.00e-01,
1120,8.00e-01,4.60e-01,
1121,7.20e-01,4.00e-01,
1122,7.80e-01,4.20e-01,
1123,7.00e-01,4.60e-01,
1124,7.60e-01,4.20e-01,
1125,6.80e-01,4.60e-01,
1126,7.40e-01,4.20e-01,
1127,6.60e-01,4.80e-01,
1128,7.20e-01,4.20e-01,
1129,6.40e-01,4.60e-01,
1130,7.00e-01,4.20e-01,
1131,6.40e-01,4.60e-01,
1132,7.20e-01,4.80e-01,
1133,6.40e-01,4.20e-01,
1134,6.80e-01,4.80e-01,
1135,6.40e-01,4.20e-01,
1136,6.80e-01,4.20e-01,
1137,6.20e-01,4.80e-01,
1138,6.20e-01,4.80e-01,
1139,7.00e-01,4.20e-01,
1140,6.40e-01,4.80e-01,
1141,7.00e-01,4.20e-01,
1142,6.40e-01,4.40e-01,
1143,7.20e-01,4.80e-01,
1144,6.40e-01,4.40e-01,
1145,7.20e-01,4.80e-01,
1146,6.60e-01,4.40e-01,
1147,7.40e-01,4.80e-01,
1148,6.60e-01,4.40e-01,
1149,7.60e-01,4.80e-01,
1150,7.00e-01,4.40e-01,
1151,7.60e-01,4.80e-01,
1152,7.20e-01,4.80e-01,
1153,7.80e-01,4.40e-01,
1154,7.20e-01,4.40e-01,
1155,8.00e-01,5.00e-01,
1156,7.40e-01,4.40e-01,
1157,8.20e-01,5.00e-01,
1158,7.60e-01,4.40e-01,
1159,8.40e-01,5.00e-01,
1160,7.80e-01,5.00e-01,
1161,8.60e-01,4.40e-01,
1162,8.60e-01,4.40e-01,
1163,8.00e-01,5.00e-01,
1164,8.20e-01,5.00e-01,
1165,8.80e-01,4.40e-01,
1166,8.40e-01,5.00e-01,
1167,9.00e-01,4.40e-01,
1168,9.20e-01,5.00e-01,
1169,8.40e-01,4.60e-01,
1170,8.60e-01,5.00e-01,
1171,9.40e-01,4.60e-01,
1172,9.00e-01,4.60e-01,
1173,1.00e+00,5.00e-01,
1174,9.20e-01,5.00e-01,
1175,1.00e+00,4.60e-01,
1176,9.60e-01,4.60e-01,
1177,1.04e+00,5.20e-01,
1178,9.80e-01,4.60e-01,
1179,1.06e+00,5.20e-01,
1180,1.00e+00,4.60e-01,
1181,1.08e+00,5.00e-01,
1182,1.02e+00,4.60e-01,
1183,1.10e+00,5.20e-01,
1184,1.04e+00,4.60e-01,
1185,1.10e+00,5.20e-01,
1186,1.10e+00,4.60e-01,
1187,1.02e+00,5.20e-01,
1188,1.04e+00,5.20e-01,
1189,1.12e+00,4.60e-01,
1190,1.06e+00,4.60e-01,
1191,1.12e+00,5.20e-01,
1192,1.06e+00,5.20e-01,
1193,1.14e+00,4.60e-01,
1194,1.08e+00,5.20e-01,
1195,1.16e+00,4.80e-01,
1196,1.10e+00,5.20e-01,
1197,1.18e+00,4.60e-01,
1198,1.12e+00,4.80e-01,
1199,1.20e+00,5.20e-01,
